energy,generation,msd
-4.669965744018555,0,0.0
-4.717870394388835,1,0.47400257394744805
-4.403044700622559,2,0.5830659503935854
-4.685849507649739,2,0.448075431416487
-4.7650909423828125,2,0.41751425778918144
-4.584168434143066,2,0.4815121267097229
-4.688178380330403,3,0.5612120766013592
-4.712362289428711,3,0.6207027089506876
-3.9952481587727866,2,0.9787372030641149
-4.718318939208984,2,0.34350259531905963
-3.9736382166544595,3,0.9356276382230968
-4.19036865234375,3,0.8008885812801738
-4.764241854349772,3,0.46769291693105725
-4.691689809163411,4,0.4258301213099959
-4.428945223490397,3,0.6874431142617726
-4.40831979115804,3,0.921677335801309
-4.312037467956543,4,0.7813745938260933
-4.727643648783366,4,0.47847606678481
-4.645181337992351,4,0.53709096823189
-4.737324078877767,5,0.5668461368038521
-3.84905211130778,3,0.9020509803953428
-4.725297927856445,6,0.4822836692719934
-4.388924916585286,4,0.6697097130319024
-4.766437848409017,4,0.8122552277671401
-4.668850898742676,5,0.7847828547699609
-4.383503595987956,6,0.7827972957821009
-4.458366394042969,5,0.5480373994224523
-4.46051565806071,3,0.5660322314031312
-3.9998556772867837,6,0.7955661545764068
-4.663978258768718,5,0.5126852170279905
-4.09458605448405,4,0.831993042042369
-4.7176510492960615,6,0.599399596201391
-4.637795448303223,4,0.5305724712719962
-4.279645284016927,7,0.9588168315060009
-4.451663017272949,6,0.7098186189638694
-4.568107604980469,4,0.718264808586437
-4.417675654093425,5,0.8373256448009728
-4.390109697977702,3,0.6208578852341888
-4.388734181722005,4,0.5607507869412142
-4.658688227335612,7,0.8296276618263073
-4.294909477233887,6,0.9279695402021272
-4.669841130574544,5,0.5784253804365433
-4.684290885925293,7,0.6721219054725385
-4.6785580317179365,6,0.7699426985150443
-4.612102190653483,8,0.7667450308289586
-4.305112520853679,7,0.9616077189260532
-4.751993497212728,2,0.410884299789279
-4.723950068155925,5,0.5778321541012849
-4.599135398864746,7,0.6080791189554655
-4.36656125386556,4,0.7064416866661049
-4.379639943440755,5,0.9387008083115735
-3.965918223063151,4,1.0662207922410671
-4.311611175537109,5,1.1468032291227155
-4.4444684982299805,2,0.5884305301658094
-4.671491305033366,3,0.473778424913511
-4.372941335042317,3,0.7820315793656626
-4.542330741882324,5,0.7540015727068207
-4.735146204630534,4,0.4242342206525535
-4.584530512491862,5,0.7059291660087507
-4.543383916219075,6,0.8197773522407342
-4.464709917704265,5,0.7324280037345375
-4.4688059488932295,5,0.8612824896297923
-4.370210965474446,5,0.741873373178436
-4.770916938781738,4,0.4350241985977559
-4.708328564961751,6,0.5478184545994816
-4.127443949381511,4,0.904838617910691
-4.525071461995442,5,0.6475484640122372
-4.1654408772786455,3,0.8511042253632622
-4.754950523376465,5,0.4534370986084726
-4.761219342549642,6,0.6901563992160865
-4.50741449991862,4,0.5996053996579064
-4.416113535563151,4,0.7546358610398549
-4.674070040384929,3,0.4569944604583169
-4.762936592102051,6,0.4771222784737626
-4.452914555867513,5,0.8199409371864105
-4.549162864685059,4,0.49949044520575453
-4.758614857991536,4,0.5747402594639479
-4.2635345458984375,4,0.9112264225836276
-4.3966569900512695,4,0.841094488925668
-4.722525278727214,6,0.5838123278842281
-4.781063079833984,5,0.6274265629557735
-4.695632616678874,5,0.6996375553837058
-4.51402219136556,7,0.7355463572632562
-4.710391362508138,5,0.601544241307617
-4.598159154256185,3,0.4216055528722619
-4.396888732910156,8,0.9156018545566768
-4.199350992838542,6,1.2133946063135483
-4.014507293701172,6,0.8352435132427809
-4.461191177368164,5,0.5748617453006785
-4.6182858149210615,3,0.39094585492703976
-4.196128845214844,4,0.7078104280137113
-4.535391171773274,6,0.6255569315201961
-4.511938412984212,4,0.7871922167969907
-4.3153940836588545,7,0.8815534454258276
-4.255017598470052,5,0.8745255215372952
-4.645805676778157,7,0.6024036356155625
-4.104324658711751,6,0.8278081084251818
-4.536055564880371,7,0.8633378214545328
-4.458550771077474,6,0.6827974754070221
-4.34932295481364,8,1.2419416965318433
-4.314464251200358,6,0.849444733218458
-4.0411176681518555,7,0.8550990556512441
-4.592042605082194,5,0.5566038976149252
-4.768964131673177,5,0.4443992398309537
-4.680813153584798,7,0.8044588934147209
-4.386797904968262,7,0.7006804668485659
-4.36991818745931,8,0.9347589633825667
-4.664961179097493,6,0.5515556342090376
-4.799604415893555,4,0.38638341605467996
-4.444751421610515,8,0.8989049234486011
-4.72533384958903,3,0.5456041254934311
-4.024462699890137,5,0.7888399672710333
-3.7984021504720054,5,1.2650099988930654
-4.492713610331218,7,0.6653115326222815
-4.639825820922852,4,0.4913220672967488
-4.801153818766276,5,0.5203729387437112
-4.121899286905925,3,0.688079776231516
-4.463315963745117,6,0.6747687327185631
-4.310027122497559,5,0.6650246652785353
-3.977793057759603,6,0.9425685002916598
-4.572433153788249,3,0.7569756330543124
-4.22585932413737,5,1.0090303894188215
-4.372847239176433,6,0.8632843575449524
-4.453276952107747,5,0.8075910782575805
-4.763038953145345,6,0.5180933377073783
-4.717305819193522,5,0.6288520547025582
-4.3072764078776045,5,0.8607896829660512
-4.290748278299968,7,0.808598143507143
-4.138692537943522,7,0.9624880416284528
-4.739448547363281,6,0.6342039126297753
-4.313606897989909,5,0.6911792362545777
-4.786339124043782,6,0.7929624413484849
-4.791496276855469,6,0.7847835177984926
-4.237668991088867,7,1.1832919909623865
-4.770659446716309,6,0.5954416412834275
-4.531708717346191,7,0.7310857698033285
-4.640151341756185,8,0.6985377654772655
-4.594934463500977,7,0.6609880437554637
-4.642263412475586,6,0.4187744745944932
-4.558756510416667,7,0.7730174997513916
-4.6457570393880205,9,0.8494257589874058
-4.7898743947347,7,0.5124999991897163
-4.159175872802734,6,0.9252923003964758
-4.765546798706055,8,0.8063927851079932
-4.501120885213216,8,0.9242245621227024
-4.548398653666179,5,0.5965633341646437
-4.5590025583903,5,0.6302329614108038
-4.286141713460286,7,0.8889866879195697
-4.2861588795979815,5,0.8103962431819701
-4.710995992024739,4,0.51124880848077
-4.282939592997233,5,0.7045301670411538
-4.664609273274739,8,0.7976709856726968
-4.756639798482259,7,0.5667251021384566
-4.229199091593425,9,1.094047773127391
-4.69362735748291,5,0.4956141238363901
-4.399896303812663,9,0.8521046211221046
-4.751767794291179,8,0.6438303131066648
-4.588242530822754,6,0.5797577864037387
-4.736147880554199,5,0.5075107978637381
-4.669436772664388,3,0.5790165796005701
-4.291464169820149,7,0.9145805211835903
-4.805156389872233,7,0.5168224403646159
-4.260733922322591,6,0.9208085865768957
-4.583592414855957,6,0.7992703226914492
-4.3761246999104815,8,0.9283453956678
-4.519209543863933,8,0.7743485884781144
-4.456794738769531,4,0.7666390348737787
-4.743757247924805,7,0.5753310453399033
-4.527403831481934,9,0.8592076915856302
-4.541496276855469,8,0.7306490797393558
-4.698760986328125,6,0.6623790297059647
-3.811687469482422,9,1.1030356537801211
-4.192877133687337,7,0.7963532748275209
-4.715686480204265,5,0.6784974865838892
-4.735721270243327,7,0.8483393759385552
-4.788754781087239,5,0.4997069406021555
-3.8783047993977866,6,0.8721809049342929
-4.703084309895833,5,0.5146678941946184
-4.421011606852214,7,0.9495706355344186
-4.5699812571207685,2,0.482204057973772
-4.104665438334147,6,0.7501898753413422
-4.465586026509603,8,0.8537040140581404
-4.3964385986328125,9,0.9401097445460674
-4.671047528584798,7,0.49042660296034724
-4.723254839579265,7,0.6761785946767032
-4.188674608866374,6,0.8648921649919091
-4.445405960083008,6,0.6263978886885272
-4.640726725260417,6,0.5886995746906479
-4.624314943949382,5,0.7039468047147414
-4.514673233032227,8,0.71757054206298
-4.752354621887207,8,0.576345114234097
-4.330197334289551,6,0.8837198828460409
-4.619525909423828,7,0.8480674555013618
-4.57551638285319,6,0.7176127725576716
-4.719720204671224,7,0.7514544255152983
-4.521725972493489,8,0.80703682386723
-4.762983957926433,7,0.5629896272072531
-4.349136670430501,5,0.8808622079630238
-4.403477032979329,8,1.1971813595972358
-4.5890248616536455,6,0.6175854911318371
-4.587337811787923,8,0.7293350464031905
-4.680383046468099,6,0.555619289775415
-4.259025891621907,10,1.049369363655913
-4.365902582804362,9,0.9091649899689633
-4.477792104085286,5,0.7634494296508169
-4.595724423726399,5,0.6380168110840555
-3.7912813822428384,9,1.3933254214120767
-4.559134165445964,9,0.8646032607186286
-3.9856268564860025,7,1.071082775810231
-4.465312321980794,5,0.7539712254638543
-4.700753847757976,7,0.6859635211651005
-3.988133430480957,6,0.8251647733083454
-4.730881055196126,6,0.646217100158261
-4.237383206685384,8,0.7928056397063639
-4.261567115783691,7,0.7212159863168365
-4.215504010518392,8,0.7978434153203384
-4.140420595804851,10,1.3451583047574835
-4.557967185974121,5,0.633050683168103
-4.359628995259603,9,0.9356513643583065
-4.629443168640137,7,0.687997478246856
-4.6467539469401045,4,0.4416532158949664
-4.490468343098958,6,0.7445869352872355
-4.504407246907552,4,0.7803745398462324
-4.739308039347331,4,0.4581970286080869
-4.620346387227376,9,0.8138489019883194
-4.537295977274577,5,0.5533812319550226
-4.669600168863933,8,0.6417272173175456
-4.615876833597819,7,0.7034009680916666
-4.435543378194173,8,0.9586931288375548
-4.61612065633138,8,0.7725606114496121
-4.779432614644368,6,0.6208840688853715
-4.382714589436849,5,0.9099747032137638
-4.081187884012858,7,0.8297563121391628
-4.747301737467448,8,0.6181197374990145
-4.561729749043782,6,0.6088636897689996
-4.709260940551758,8,0.5841961077924739
-4.247059186299642,6,0.7221822800862977
-3.886628786722819,10,1.1749571846701727
-4.458669344584147,3,0.6013340730523273
-4.686090469360352,6,0.5241188206124727
-4.799527168273926,5,0.572117165443199
-4.130286534627278,11,1.5509296016217595
-4.233395576477051,7,0.8629246624380134
-4.754477818806966,5,0.5629624652185082
-4.587806383768718,6,0.7199687584420182
-4.527551015218099,9,0.968768763798237
-4.489022890726726,9,0.8644484955971278
-4.456460634867351,8,0.999718624318934
-4.643435478210449,2,0.5259907731273885
-4.594539324442546,8,0.8086733798863607
-4.71389643351237,4,0.47475800023058934
-4.751657803853353,1,0.3432496540621788
-4.337592124938965,8,1.0105453446529948
-4.735435803731282,8,0.6781883028596303
-4.764901161193848,8,0.6607415298561311
-4.765432675679524,7,0.5127305634357904
-4.751634915669759,7,0.5419950628688671
-4.218879381815593,8,0.7324868677383369
-4.828875541687012,6,0.6716721431584567
-4.37285836537679,5,0.9822264756752185
-4.292149543762207,7,1.0666965001884583
-4.783956845601399,6,0.7420905175931427
-4.532986323038737,6,0.6663588157329056
-4.20341142018636,8,0.886514107474587
-4.786303838094075,6,0.4318486817986103
-4.668979008992513,7,0.5146788916631416
-4.718011856079102,7,0.733260552857233
-4.494289716084798,8,0.8003095329503922
-4.488102912902832,7,0.7086567931108583
-4.454824447631836,8,0.9244648661506857
-4.256265322367351,4,0.9240326625146872
-4.096899350484212,7,1.029982156257078
-4.496773401896159,6,0.7549205245438988
-4.174482663472493,9,1.1112952928670816
-4.264626502990723,8,0.9896390212999591
-4.813364346822103,7,0.5535164752006105
-4.4066775639851885,9,0.9557673019111533
-4.563092231750488,6,0.6644663930289979
-3.923466682434082,7,0.8090097489809013
-4.683553695678711,9,0.7077987107934618
-4.655624707539876,7,0.5193210635992903
-4.685425440470378,9,0.6326301504355453
-4.756253560384114,5,0.4630405376228448
-4.319577534993489,7,0.9753888621777822
-4.37180233001709,7,0.9086742088267092
-4.735091845194499,7,0.5563971573209573
-4.475964546203613,6,0.7577329750429778
-4.614392916361491,5,0.621037658982281
-4.38010311126709,9,1.0608072830032087
-4.691662470499675,7,0.6687985775244073
-4.659093538920085,7,0.7619946803628231
-4.336191177368164,3,0.73119558667616
-4.828316370646159,7,0.5445946117707156
-4.361194292704265,6,0.9626057325678689
-4.420373280843099,6,0.7949459771400621
-4.545590718587239,7,0.7784156433586956
-4.627724965413411,7,0.6319990147307419
-4.660866419474284,7,0.6819202681614255
-4.521524747212728,9,0.93506259479508
-4.353019714355469,9,0.9256429532468049
-4.624762852986653,7,0.7068380528914003
-4.693554878234863,8,0.7226992109777023
-4.562570889790853,7,0.7549260947579821
-4.108078638712565,10,1.1165890393349782
-4.734699885050456,8,0.5535138519482753
-4.734113693237305,6,0.6723664912266237
-4.499031066894531,6,0.6699650643499262
-3.8293755849202475,8,0.9281910854754306
-4.779425938924153,7,0.714482681879613
-4.030726432800293,9,1.1158389314790877
-4.837260882059733,7,0.547581496386504
-4.080114364624023,10,0.9578599547892853
-4.1551313400268555,9,0.9856030133195336
-4.502766927083333,6,0.9549899733252515
-4.74849001566569,9,0.7060925591495693
-4.682245254516602,5,0.4942890424398762
-4.188294092814128,10,1.0613648535573774
-4.621604601542155,8,0.6257834165223543
-4.144903182983398,7,0.9005605994752849
-4.7221018473307295,7,0.7458893008473589
-4.75651200612386,6,0.6552549957394841
-4.3451588948567705,7,1.0240015095574633
-4.661580721537272,3,0.47466015028953246
-4.5107466379801435,9,0.7704376257883144
-4.494399706522624,4,0.7030301242101934
-4.631368001302083,10,1.0354533335815876
-4.175015767415364,8,1.0289718251045217
-4.5314985911051435,9,0.7333761124135156
-4.056795756022136,9,0.952350038332086
-4.337831815083821,6,0.946694481285323
-4.6999257405598955,7,0.7248432745225736
-4.422567367553711,9,0.8787040166127426
-4.731521924336751,7,0.6009124346798956
-4.797421137491862,6,0.7839612741326212
-4.734241803487142,8,0.660719418799522
-4.523427327473958,7,0.7449685851025238
-4.537471453348796,6,0.5899699238052583
-4.707411130269368,9,0.6762869012197603
-4.505916595458984,8,0.6777791580525787
-4.819583574930827,7,0.6784605046379749
-4.78781795501709,7,0.6697856449900564
-4.028357823689778,7,1.043045726054862
-4.522233963012695,6,0.6569876287888841
-4.274035135904948,11,1.0019964116991549
-4.590795834859212,9,0.7618453403612518
-4.5002336502075195,8,0.6482400024037026
-4.657833735148112,8,0.6059033837462625
-4.7782236735026045,6,0.5288126065153252
-3.976064682006836,5,1.100156617682332
-4.147126197814941,8,1.0664567127019087
-4.729300181070964,7,0.7138510026018684
-4.107767422993978,6,1.0307377416545422
-4.760424931844075,5,0.42787998537359534
-4.424461364746094,4,0.6243724037605184
-4.408006985982259,6,0.8058484781952147
-4.7921450932820635,8,0.6153068512884817
-4.731584231058757,9,0.5467815539692512
-4.138333002726237,10,1.1631099484056673
-4.488544464111328,7,0.9513398394202892
-4.53608512878418,8,0.7197688013253419
-4.724100112915039,6,0.5448508195339736
-4.698862075805664,6,0.5930127694181598
-4.775353113810222,7,0.6094433443932448
-3.761693318684896,7,1.1628635585612173
-4.737366358439128,9,0.5080871234381289
-4.218817075093587,8,1.1613863032903156
-4.7548166910807295,7,0.9164619116422229
-4.720091183980306,8,0.8350256522442306
-4.191022237141927,7,0.8394516489963099
-4.602519989013672,6,0.5183734998486097
-4.350085576375325,8,0.725786147067423
-3.9775873819986978,10,0.9673608844676446
-4.719765027364095,8,0.5329351662457907
-4.738813718159993,10,0.5964024657638785
-4.808352152506511,7,0.529360510706844
-4.818872451782227,8,0.5013458075441516
-4.146020253499349,7,1.0148591358408627
-4.556379000345866,7,0.6828476709911592
-4.344300587972005,10,1.0460756317472548
-4.543861707051595,4,0.6868838515519201
-4.440194447835286,7,0.7128519018184941
-4.390679995218913,6,0.612245986813691
-4.420218149820964,9,1.1045311685204304
-4.068735122680664,7,1.0541977754062837
-4.169226010640462,12,1.3680666841745743
-4.613219579060872,7,0.6434725459418802
-4.7841386795043945,9,0.7441272709577391
-4.703280766805013,9,0.663844202009232
-4.652339617411296,9,0.7806576294114702
-4.760281880696614,6,0.5395469880851886
-4.778292020161946,7,0.6151054397492998
-4.340178489685059,7,0.7823136170651585
-4.652551968892415,8,0.7123476482371699
-4.406682968139648,7,0.8744601916668086
-4.346435546875,7,0.7401151678883217
-4.447285970052083,8,0.9585702779255243
-4.469104448954265,4,0.6504392311997704
-4.4306640625,6,0.7332533026882689
-4.336092313130696,8,0.9354137747333272
-4.729248682657878,9,0.6081537387634913
-4.622324625651042,5,0.467525582645213
-4.668989817301433,8,0.684942929155166
-4.475088437398274,10,0.9390765972938823
-4.362215677897136,8,0.9756252916075229
-4.620701154073079,9,0.8954673925307551
-4.54315185546875,8,0.7238140084613262
-4.664784749348958,8,0.6394831417319997
-4.803831736246745,7,0.5203633245078748
-4.772625923156738,8,0.75688184000362
-4.371486981709798,6,0.867316095623948
-4.2037709554036455,6,0.9195658621100643
-4.609305381774902,7,0.7009900847908263
-4.800581614176433,8,0.7338402189687102
-4.498876889546712,6,0.6905621451367466
-4.559624036153157,7,0.6897373839519055
-4.5134538014729815,7,0.6431917918013796
-4.771015167236328,10,0.5567587748838648
-4.64660104115804,8,0.7788671237216763
-4.587266604105632,8,0.7242398841508368
-4.78081480662028,6,0.6063595416844277
-4.097011566162109,8,1.0126914954578095
-4.591194788614909,6,0.6502591431122627
-4.72267468770345,8,0.5828533479527979
-4.65800666809082,7,0.8226225913084498
-4.76073678334554,9,0.7072993074543369
-4.525439898173015,8,0.6671124928751698
-4.718299865722656,8,0.7059838826439379
-4.682750384012858,7,0.5388242440616945
-4.773955663045247,8,0.6138402909530241
-4.083499908447266,5,0.9963776891243672
-3.7914956410725913,9,1.1453721258910186
-4.794553120930989,8,0.5666067539709402
-4.678498268127441,7,0.5230302614979112
-4.204963684082031,5,0.7207035405197718
-4.632912000020345,8,0.5621978397704858
-4.132065137227376,10,1.3623718583171496
-4.353635470072429,7,0.9185088317775542
-4.45842170715332,8,0.7233792231521644
-4.656898180643718,8,0.6291938414338126
-4.192265510559082,9,0.960427841189377
-4.690587997436523,8,0.6251743963078776
-4.741079012552897,6,0.5146735721407906
-4.545440673828125,10,1.010082668410031
-4.463870366414388,8,0.8407903301067
-4.754922231038411,9,0.6764262739842267
-4.277497291564941,10,1.0079806089875711
-4.405652046203613,7,0.9760395754120741
-4.737303733825684,10,0.6539638080106271
-4.670091946919759,6,0.5687970553678673
-4.776022911071777,9,0.683473851931767
-4.783658345540364,8,0.696639093361603
-3.970418930053711,9,1.2157603498999363
-4.502620697021484,5,0.7751935654035998
-4.673319180806478,8,0.6118792000420783
-4.403520584106445,7,0.7432632768067101
-4.314260800679524,9,0.922586411443134
-4.613221804300944,9,0.5674080463510194
-4.401940027872722,8,0.7949352393169079
-4.3976084391276045,8,1.0183610175303983
-4.504086176554362,9,0.734839188548451
-4.527785619099935,9,0.9165031760793223
-4.6844987869262695,6,0.5637252292817116
-4.791899681091309,9,0.6338076617771056
-3.909245808919271,5,0.910147509741385
-4.772750536600749,9,0.5179253868371573
-4.419853846232097,8,0.7434332342997799
-4.678679784138997,8,0.9792679632489216
-4.697103818257649,10,0.8212379714330348
-4.480682373046875,8,0.8318947770770805
-4.631444613138835,6,0.5331118921894528
-4.350757916768392,7,0.6857161479025011
-3.9138266245524087,9,0.8572722046779946
-4.709278106689453,9,0.5662183696166679
-4.560335477193196,8,0.7345105199238109
-4.767449061075847,9,0.6239925184714631
-4.677228291829427,8,0.776894237292729
-4.035650253295898,8,1.1832430017705342
-4.335384686787923,11,1.2115676488410407
-4.4831797281901045,5,0.7703106551216687
-4.325736045837402,8,0.9585798511983471
-4.460598945617676,8,0.6989953673390984
-4.409480094909668,6,0.810221120524524
-4.779633522033691,8,0.8078941355634353
-4.2403256098429365,9,0.9144303832810987
-4.725736618041992,8,0.6143947100097398
-4.658444722493489,9,0.7255382981125633
-4.525350570678711,9,0.9705775451638531
-4.701370557149251,10,0.7208979023853184
-4.744558970133464,10,0.7944093823920987
-4.781126658121745,5,0.5193706487945573
-4.711030006408691,9,0.690258213157576
-4.701647440592448,10,0.5974859186719892
-4.6815236409505205,8,0.7199710351970562
-4.370442072550456,7,0.848003440735023
-4.309434254964192,8,0.7257828244414792
-4.359379768371582,8,1.0055612352289043
-3.948087692260742,3,1.0010680859439447
-4.4637298583984375,4,0.5251993676539571
-4.180216471354167,3,0.9348662820191489
-4.686247825622559,10,0.6457961727299679
-4.421366373697917,8,0.8142316866506095
-4.6220598220825195,8,0.7217284684626338
-4.741737683614095,10,0.6867763501151951
-4.507113456726074,9,0.7736206321550952
-4.603838920593262,6,0.7990380512518556
-4.354276021321614,8,0.7344572148488974
-4.784232457478841,8,0.5331538419400252
-4.509842236836751,10,0.9509362719434639
-4.792390505472819,7,0.6820825304017569
-4.657625198364258,7,0.6611994942347211
-4.194352467854817,5,0.8942997246895885
-4.798580169677734,6,0.5114164850472046
-4.772918065388997,8,0.7318355470056449
-4.267629305521647,7,0.8964897615520161
-4.790427207946777,8,0.5331977414349397
-4.6959638595581055,5,0.4794330758625082
-4.765276273091634,9,0.5316155994383504
-4.710095087687175,8,0.6949748168225612
-4.657277425130208,6,0.5532050915300891
-4.361458460489909,8,1.2273088202686333
-4.462126731872559,9,0.7677457306942155
-4.790930430094401,5,0.5217850912080849
-4.114697456359863,10,1.1361616321692767
-4.756155014038086,8,0.8200375136549138
-4.7273149490356445,10,0.7385187480823844
-4.537066459655762,8,0.7352516538088024
-4.720386823018392,7,0.6387712228615899
-4.673659324645996,8,0.5571461543937485
-4.468661626180013,9,0.7678777906432326
-4.132138888041179,7,0.9834432433277404
-3.8630921045939126,9,0.9571719328920398
-4.340216000874837,9,0.9150221190488388
-4.732259750366211,8,0.5350446156377191
-4.2224626541137695,7,0.8053882113892054
-4.5060679117838545,7,0.6396968870180088
-4.604189872741699,9,1.0120104223296105
-4.119189262390137,10,1.1877010660223135
-4.187286376953125,7,1.0625424898688813
-4.5934343338012695,9,0.7222116667060939
-4.175070762634277,9,0.8701693794559217
-4.763922055562337,8,0.6179568703151119
-4.782266934712728,8,0.5438169962435689
-4.523074467976888,6,0.9454605723010833
-4.246418317159017,9,0.9155416174009442
-4.741431554158528,7,0.6881212980540251
-4.5087464650472,10,0.7267762393209768
-4.7298628489176435,8,0.6322773531054448
-4.807070732116699,8,0.5632166044026352
-4.619621594746907,6,0.6403173337920932
-4.447854995727539,10,0.9091255403095065
-4.690776507059733,7,0.7031080043706148
-4.041360855102539,6,1.0163484039769148
-4.737209955851237,8,0.5001292621400625
-4.537875811258952,11,0.7662574994789685
-4.241192817687988,7,0.9287425521459353
-4.789559682210286,7,0.6426072947822243
-4.717139561971028,8,0.5574316607123487
-4.282138824462891,10,1.0002893155906223
-4.437512397766113,8,0.9527714511453302
-4.5314944585164385,9,0.867215747275821
-4.783158620198567,8,0.5854965578067025
-4.143359184265137,5,1.0274139924757153
-4.790926933288574,7,0.5801409364541756
-3.951228141784668,7,1.0372165967544664
-4.773250579833984,9,0.4681895672679739
-4.2761185963948565,9,0.9032043693319928
-4.776937802632649,8,0.8766425243330703
-4.655584971110026,6,0.7633381261032587
-4.093198140462239,8,0.9114929301654812
-4.454766909281413,7,0.7399182998331817
-4.488411585489909,8,0.6676217517130585
-3.9930286407470703,10,0.8324520084096725
-4.3776505788167315,10,0.9300545694996879
-4.704216957092285,10,0.6594597765628897
-4.802359580993652,8,0.5114261114785725
-4.259334246317546,11,1.1376574929369463
-4.288832346598308,9,0.9402916229840187
-4.501438458760579,8,0.7210013199845302
-4.567804336547852,7,0.7887609117980547
-4.7296098073323565,8,0.5698097789043347
-4.38636843363444,9,0.8175943747119438
-4.241504033406575,6,0.974598883742687
-4.742971420288086,8,0.8568940538149376
-4.0772552490234375,10,1.1728085905365624
-4.768441836039226,8,0.5714006520537462
-4.632981618245442,9,0.7601636754882185
-4.574266751607259,9,0.8354022956208212
-4.711325009663899,10,0.6625418210291394
-4.7937672932942705,9,0.7508890657277787
-4.676527659098308,6,0.5948225704978055
-4.773486773173015,8,0.6406917520235063
-4.676297823588054,6,0.5242058408910202
-4.627052307128906,8,0.7445518508935738
-4.68783696492513,7,0.7161029677052855
-4.231520334879558,10,1.0143240746284963
-4.3036603927612305,11,1.2643298114422536
-4.298062006632487,4,0.8678102555857389
-4.336472193400065,8,0.8202440193463758
-4.283798535664876,7,0.871038926166967
-4.750831921895345,9,0.6886403210269135
-4.679862022399902,7,0.527562564267939
-4.331387201944987,9,1.0213200653570678
-4.773219744364421,9,0.5988267990750683
-4.54106076558431,7,0.772090586349929
-4.483433087666829,9,1.120531545667757
-4.4558359781901045,8,0.7646851323689146
-4.406703631083171,9,1.187700991947419
-4.806878725687663,8,0.564381085771962
-4.806845029195149,7,0.6062976119552256
-3.8072179158528647,11,1.2223783227009588
-4.229256947835286,6,0.9122439283870191
-4.342573483784993,12,1.1696380937412767
-4.784478823343913,8,0.6658516940689067
-4.550504366556804,5,0.6531824763933044
-4.7392425537109375,10,0.5775249514754132
-4.754782676696777,7,0.579393462143231
-4.337794939676921,10,0.9179853084678982
-4.721339861551921,8,0.7191500361969502
-4.731039047241211,10,0.5840191110472331
-4.728615442911784,6,0.6737875485643866
-4.451353708902995,7,0.8449322086353975
-4.5040388107299805,6,0.8177855960540757
-4.462140719095866,9,0.7984872773931083
-4.507551193237305,11,1.103823960761048
-4.72092342376709,9,0.7567647938536263
-4.327232360839844,8,1.0119122672749337
-4.6907548904418945,9,0.745503432363821
-4.547860145568848,11,0.8197294079057862
-4.752753893534343,10,0.6120232343647465
-4.134471257527669,8,0.9908124628758413
-4.026481946309407,10,0.8373598501542366
-4.765733083089192,11,0.589190708005544
-4.694142977396647,7,0.5470541008570109
-4.112700462341309,8,0.9593203127680575
-4.5578304926554365,9,0.670177706601237
-4.493784586588542,12,1.242909906156058
-4.307904561360677,10,0.9275467735703505
-4.375425974527995,7,0.7667083504779965
-4.668327649434407,6,0.6224577206095719
-4.119770050048828,8,0.9158355052128849
-4.651758511861165,8,0.7387514537867457
-4.683221181233724,9,0.6864276960012351
-4.523526191711426,9,0.9377019799828966
-4.411313056945801,8,0.8310603275135412
-4.767014185587565,8,0.6866734993165865
-4.388249397277832,9,0.7356265734058791
-4.660778999328613,10,0.6135714603984384
-4.735319137573242,10,0.6510076365818335
-4.572556813557942,8,0.6089911749975133
-4.743963877360026,12,0.7650928133191317
-4.757073402404785,9,0.74800717970823
-4.059524218241374,7,1.026082806567012
-4.756386756896973,5,0.4286611540242236
-4.314247767130534,10,0.8918678929849734
-4.1468610763549805,8,1.2777521607075473
-4.3221486409505205,8,0.903527897353983
-4.723104476928711,6,0.45554524517715905
-4.368221600850423,8,0.827951506521407
-4.359565416971843,8,1.0465020608077733
-4.456613540649414,8,0.6269255918432427
-4.77964464823405,8,0.5341109703370607
-4.283145904541016,11,1.1735113157020396
-4.769234339396159,9,0.6840431463269674
-3.967262585957845,8,0.9210569995510864
-4.554607073465983,7,0.7507729403270712
-4.147825558980306,7,0.9883723310685455
-4.8042402267456055,10,0.858644693480243
-4.697737693786621,9,0.8500360554244653
-4.308177312215169,10,0.8366791664987899
-4.622640609741211,8,0.6063475140043687
-4.435030619303386,8,0.7038284756047369
-3.8440272013346353,8,0.9434764847911318
-4.293580373128255,10,0.8599564635596469
-4.685523351033528,10,0.5973654506041002
-4.8032271067301435,9,0.5448568916119761
-4.81788953145345,9,0.5793405540226254
-4.219707489013672,7,0.8917022553653258
-4.355666478474935,9,0.9550977023681902
-4.463610967000325,6,0.7713072337948379
-4.389278729756673,12,1.041768215294711
-4.418346722920735,6,0.6428303283933839
-4.416620254516602,8,0.6351052032183158
-4.4322465260823565,8,0.9280208046671209
-4.205203692118327,9,0.8993718382434422
-4.759860674540202,9,0.6354654676857071
-4.732563018798828,9,0.6279883353762374
-4.78269640604655,10,0.7618772273217379
-4.4759063720703125,9,0.7638987223538578
-4.620111465454102,13,0.8939146221281719
-4.720473925272624,5,0.5698061661501476
-4.70500373840332,10,0.6791791997665859
-4.7147932052612305,8,0.5036588312805881
-4.6821950276692705,10,0.7313524514096953
-4.729513486226399,8,0.7097111955757969
-4.0677064259847,11,1.0954833629227967
-4.312119166056315,11,1.0567854029135841
-4.435702323913574,4,0.6317482877662225
-4.506540616353353,6,0.5493344374506895
-4.357232729593913,7,0.8543069535024199
-4.733511606852214,11,0.6524777209141723
-4.6913267771403,7,0.5411493269923183
-4.597446759541829,10,0.6947798649243162
-4.753368695576985,10,0.6373609277394214
-4.51196829477946,8,0.7736908615681184
-4.539675394694011,9,0.9016562485846912
-4.456889470418294,10,0.7443521605401289
-4.800816535949707,6,0.44418592299206355
-4.796683311462402,10,0.539119950048788
-4.837169329325358,8,0.6949759547472217
-4.55349063873291,8,0.7004214195443922
-4.054944356282552,5,1.1018377464079292
-4.7825320561726885,7,0.46333298902010595
-4.8023529052734375,9,0.7324463476579252
-4.573806444803874,7,0.6430657917728428
-4.43865966796875,10,0.8173842715545092
-4.671421051025391,10,0.7702054130925902
-4.759518305460612,10,0.6421478427375401
-4.702630043029785,6,0.6772892258901907
-4.279987335205078,8,0.83087908210026
-4.752854665120442,8,0.7009330595444413
-4.358834902445476,6,0.8127037762058231
-4.720293045043945,9,0.6717084870972093
-4.737536430358887,9,0.6017256113508864
-4.755826632181804,10,0.7551249455846798
-4.657329559326172,10,0.8049690792833252
-4.537305514017741,9,0.7591022529770745
-4.403048833211263,9,0.9684745820196649
-4.656222025553386,8,0.5532087579990296
-4.836978594462077,8,0.523821746487161
-4.016236623128255,10,1.1549746899108608
-4.0932267506917315,11,0.8451916158937064
-4.734503746032715,10,0.5495772458362068
-4.557950655619304,9,0.5301074470519831
-4.205874760945638,8,0.8021296024816148
-4.348697662353516,10,0.7861699468546278
-4.703451156616211,9,0.8244860939539262
-4.1872132619222,8,0.8954658518670979
-4.232659975687663,10,1.0408138330747885
-4.662302017211914,10,0.6432092609016872
-4.219900131225586,9,0.9079110794659258
-4.69622802734375,9,0.6935865489141783
-4.251613616943359,6,0.7517540323075472
-4.52520211537679,11,1.0917338123270535
-4.065840403238933,9,1.2113289654965078
-4.692933082580566,9,0.5308823466401873
-4.529681205749512,8,0.7967672944222629
-4.602322578430176,9,0.7367907794630962
-4.345061302185059,8,1.0576233815362759
-4.51754887898763,9,0.6906352335597022
-4.56251875559489,7,0.7673676331672749
-4.752551078796387,9,0.5972401603699528
-4.358056704203288,8,1.123902036078858
-4.2988589604695635,13,1.244813208122958
-4.776888847351074,8,0.6317143402400427
-4.1091718673706055,9,0.8990411376707822
-4.157244364420573,9,1.0037317856521437
-4.539512316385905,10,0.7185488357022446
-4.396209716796875,12,0.9445721254318178
-4.81095536549886,9,0.6113390644681042
-4.116847991943359,5,0.7526648069907577
-4.5120493570963545,9,0.6767260051891096
-4.782478332519531,9,0.476620012503544
-4.375838915506999,10,0.840066037303457
-4.482957522074382,6,0.8632610945330957
-4.127268155415853,13,1.1811403930106577
-4.43513552347819,7,0.8011318479345144
-4.460744222005208,8,0.8261877952075306
-4.761471112569173,9,0.6009790574927926
-4.727832476298015,9,0.6836630284478238
-4.59849198659261,7,0.6377099226051947
-4.327859560648601,9,0.7923750916762851
-4.135650634765625,10,0.9507009265953776
-4.767521858215332,8,0.5316500651698101
-4.344844818115234,8,0.7120177641474474
-4.779836654663086,10,0.8625495085309832
-4.790543556213379,11,0.8785178654544187
-4.54290771484375,10,0.8838551128297164
-3.9578402837117515,10,1.2024951589236827
-4.615169207255046,9,0.7256544634410127
-4.687849680582683,9,0.7995755802141682
-4.11729113260905,10,1.223427358203955
-4.713794390360515,8,0.4919488660957206
-4.558542569478353,7,0.6769826456438292
-4.642021497090657,8,0.7306513921157425
-4.744895299275716,10,0.6360095141247812
-4.34126631418864,9,0.9217850892784106
-4.720346132914226,12,0.8953655778173917
-4.309698422749837,6,0.957105870150599
-4.483888626098633,9,0.8465268675125541
-4.435744921366374,7,0.7105787524309428
-4.150223731994629,12,1.2983804884589005
-4.496194839477539,7,0.700537272605256
-4.5775502522786455,7,0.8182673675164797
-3.8651014963785806,6,1.1037542925757575
-4.822195053100586,10,0.6297751824911698
-4.734738985697429,6,0.43517462518911154
-4.4956709543863935,10,0.890356260051929
-4.810086250305176,6,0.43953667438938687
-3.993292490641276,9,1.1910787618171474
-4.727919260660808,9,0.6126533932590609
-4.43967342376709,8,0.8154237611986824
-4.814727783203125,6,0.48175812984229366
-4.482423464457194,10,0.8671918935045767
-4.4417117436726885,12,0.9515146786216077
-4.8161570231119795,7,0.5203987008230673
-4.728334744771321,10,0.5576522381703556
-4.585962295532227,10,0.7971138865523991
-4.7197879155476885,10,0.7511395086695485
-4.554635683695476,7,0.7529528816843208
-4.486786524454753,5,0.8185313039201846
-4.425173123677571,10,1.2369838112881093
-4.780246734619141,6,0.508801518482204
-4.554406483968099,11,0.8311528995366856
-4.735003471374512,11,0.7195645191162584
-3.990153948465983,7,0.9414950291951413
-4.206406275431315,10,0.9388003163366047
-4.759490966796875,6,0.6099130668954935
-4.37856928507487,11,1.1554477969376917
-4.796600341796875,7,0.5065714739324366
-4.564849853515625,6,0.6419122084892827
-4.760560353597005,6,0.5684518962508159
-4.626081148783366,8,0.8220882995956077
-4.587996164957683,3,0.5073950053720057
-4.126379648844401,9,0.7746724867036935
-4.511236508687337,10,0.9176033677782519
-4.14399782816569,8,1.1393201886271966
-4.31725533803304,10,1.1959682716940712
-4.743944803873698,9,0.7236322153401898
-4.451830228169759,14,0.8092882121719285
-4.466205914815267,7,0.6427302746875084
-4.1859690348307295,10,0.8933544151152123
-4.564066569010417,8,0.7718959576552447
-4.487627983093262,11,0.7239444568270951
-4.5045522054036455,10,0.8736467433663516
-4.37178103129069,7,0.8963419368773047
-4.760939280192058,10,0.758914961449349
-4.3098297119140625,11,1.133126305311843
-4.6959733963012695,7,0.6901241297176025
-4.817163149515788,7,0.46861938940615294
-4.4561764399210615,9,0.6955589245636965
-4.748990694681804,8,0.513214677713825
-4.720454851786296,11,0.7394558473377578
-4.628725369771321,7,0.6379245629714742
-4.532164573669434,7,0.7511542599147747
-4.73424498240153,11,0.5777553142403561
-4.302114804585774,8,0.8795991139766555
-4.14020315806071,8,1.0393748646182601
-4.807023048400879,9,0.5401710243074239
-4.635398228963216,7,0.7098038883790938
-3.8988475799560547,8,1.0189848534083288
-4.770968437194824,8,0.5954244201943752
-4.097816149393718,9,0.9382716910449824
-4.355531692504883,7,0.849105114925328
-4.6009260813395185,10,0.8248515327486682
-4.129634539286296,8,0.8036610245603887
-4.4891001383463545,8,0.7156336144215665
-3.9548381169637046,7,1.2502458447841056
-4.147230784098308,11,1.0878996504914078
-4.786828676859538,9,0.4706422902023107
-4.514322598775228,9,0.8874236713313147
-4.479867617289226,10,0.7759459435979674
-4.313639322916667,11,1.110984091916143
-4.802233060201009,10,0.6190951386191768
-4.636809666951497,10,0.7240983559157487
-4.566732406616211,10,0.686194082585675
-4.768357912699382,8,0.6609462808314349
-4.784896532694499,8,0.5782386931829825
-4.262961069742839,11,1.0387353266632038
-4.627511024475098,7,0.6535721201520516
-4.654282887776692,7,0.6638603756448649
-4.160564422607422,5,1.0809966645969098
-4.786301930745442,11,0.6485649317568968
-4.237292607625325,8,1.1443773283994043
-4.415628115336101,9,0.6793215695137674
-4.776228586832683,11,0.5579477538989389
-4.246581077575684,10,0.8861609343578799
-4.085885047912598,8,0.7140402859507166
-4.426261901855469,9,0.9171761528772177
-4.538193066914876,11,0.8794084894951214
-4.816586176554362,9,0.5855384707979692
-4.2659406661987305,7,0.8720728809269943
-4.718896547953288,8,0.7547437880102607
-4.675061861673991,11,0.7737516876098679
-4.774095217386882,10,0.5278015030610256
-4.650311787923177,10,0.8352290109533017
-4.794680913289388,9,0.5664994431371121
-4.769675572713216,7,0.5496938354206652
-4.665219624837239,9,0.8315158868233108
-4.587760289510091,10,0.756016201358824
-4.019603729248047,9,0.866264644160565
-4.767122904459636,8,0.6357416361435017
-4.6738847096761065,8,0.7570308045260795
-4.317344665527344,11,1.3495189967573982
-4.42780335744222,7,0.8079289237018635
-4.77502981821696,2,0.40002947596063126
-4.773873647054036,8,0.7136008375791706
-4.657666524251302,9,0.7105238411040845
-4.318523089090983,9,0.8860145859394833
-4.531009674072266,13,0.8142144080032306
-4.727045059204102,10,0.6400808575866027
-4.167097091674805,10,0.7782387928096588
-4.831060727437337,10,0.7559822043113401
-4.775566736857097,7,0.7375310153475757
-4.210241317749023,8,0.8740508446566992
-4.6532595952351885,10,1.0222016679503454
-4.504250208536784,7,0.7478982463808742
-4.098050435384114,12,1.1822807655866046
-4.683226267496745,10,0.6510655576267056
-4.679908434549968,10,0.5631379618873827
-4.672539075215657,3,0.6550195840958428
-4.275659879048665,8,0.9763367524227364
-4.498571077982585,12,0.8197040184962795
-4.455341339111328,10,1.0341779824380282
-4.746274948120117,9,0.7487952209786002
-4.227232933044434,9,0.8689016486707054
-4.746842384338379,9,0.5501471128998836
-4.368422190348308,8,0.9095780843028706
-4.772387822469075,11,0.6702992033031093
-4.445165952046712,8,0.9155313033353739
-4.788418769836426,6,0.4717384913397596
-4.651685396830241,8,0.6673642539895915
-4.811685244242351,8,0.6325633442956679
-4.386770884195964,9,0.9972166747717172
-4.15004825592041,10,0.8837861071557546
-4.733341534932454,6,0.5177953474685503
-4.55982780456543,5,0.6220509029658158
-4.685504913330078,11,0.7520902484496546
-4.839908917744954,7,0.6345913141585012
-4.667486508687337,8,0.5366900198253103
-4.52139949798584,9,0.7602307750597106
-4.618279774983724,7,0.7336960468997269
-4.772006670633952,8,0.528168710201887
-4.758010228474935,11,0.6635846402690087
-4.633433659871419,9,0.8704102298051267
-4.173329989115397,6,0.8941208119413089
-4.82134215037028,8,0.526010218804336
-4.689010938008626,7,0.6455098389664992
-4.7868452072143555,10,0.6661373034162568
-4.480393091837565,9,0.8132569878382867
-4.698921203613281,8,0.6106913906284661
-4.663440068562825,9,0.6991509483929425
-4.733451843261719,9,0.6241491758389778
-4.4754282633463545,9,0.8356876703722048
-4.631711641947429,7,0.7033566833283965
-4.7649491628011065,9,0.7005414746754813
-4.497124354044597,10,0.6846969735134563
-4.688778241475423,11,0.6627712974534559
-4.777884165445964,9,0.6255568793660736
-4.615932782491048,7,0.5919600583128011
-4.804857571919759,9,0.6659354164655957
-4.750712076822917,8,0.7256989816694891
-4.054474512736003,10,1.2180155671968258
-4.781969706217448,8,0.5899332674988681
-4.560988744099935,12,0.6807443434616296
-4.341290791829427,8,0.8445704342616983
-4.479173024495442,9,1.0171158527477253
-4.7302900950113935,9,0.6004084914060236
-4.416611353556315,9,0.8030475877347962
-4.406557718912761,12,1.2116566214808249
-4.547570546468099,9,0.6887367657287085
-4.708808898925781,9,0.7995314219655766
-4.2770436604817705,11,1.006705444824777
-4.549639701843262,8,0.8345382694756539
-3.8005701700846353,9,1.196600082191997
-4.802414258321126,8,0.48090725073886714
-4.269092559814453,9,0.8758504098549169
-4.724038124084473,11,0.9077018538087822
-4.693319320678711,8,0.804115498853017
-4.398854573567708,11,0.9045644787432011
-4.1518300374348955,11,0.9912214253135619
-4.504035949707031,7,0.6811262839097484
-3.978999455769857,8,0.7905228174018125
-4.711792945861816,7,0.5651187350207928
-4.76521364847819,8,0.502782143982521
-4.81266975402832,10,0.5930199494906319
-4.822173118591309,11,0.639265151006918
-4.245435078938802,7,0.904427326794694
-4.44247309366862,12,0.7997823624645974
-4.511584281921387,9,0.8772897947568845
-4.674856821695964,9,0.684627956901123
-4.4443403879801435,7,0.7415849423617159
-4.528709411621094,9,0.7932553100808404
-4.460338910420735,9,0.9552545320665553
-4.4023027420043945,7,0.8969125994018959
-4.505337079366048,9,0.7916202435667586
-4.54966672261556,11,0.8322957306088746
-4.773802757263184,9,0.7716937749716823
-4.49355951944987,9,0.8872682695770907
-4.709678649902344,9,0.7834309709896717
-4.393524169921875,6,1.0824130160985623
-4.609779040018718,6,0.6950349071134142
-4.76485538482666,11,0.652731289472383
-4.612410545349121,8,0.6555721388417176
-4.631608009338379,9,0.8623754560569564
-4.336684862772624,8,0.7366923024509173
-4.451636632283528,11,1.028038990413432
-4.480089505513509,6,0.7055411972335808
-4.519428888956706,7,0.6471865266865263
-4.418483734130859,5,0.8121322102108507
-4.763600985209147,10,0.620813099211242
-4.759126345316569,10,0.7067182480300541
-4.533755938212077,9,0.7405416963506575
-4.699473063151042,10,0.6328512940718644
-4.778117497762044,9,0.5454782834458897
-4.631192207336426,7,0.5837780414267081
-4.73113473256429,10,0.8114840157722915
-4.524270057678223,5,0.7437841132825204
-4.096850395202637,10,1.0434820534674627
-4.798275947570801,8,0.5127569371036832
-4.624396959940593,9,0.6428819680285874
-4.415268262227376,8,0.8978530348282098
-4.223106066385905,9,1.0547699667754646
-4.707999547322591,9,0.5264947491519135
-4.212675094604492,9,1.117811972848968
-4.394588470458984,11,1.0188551304524454
-4.118950843811035,11,1.1986849042546928
-4.746208826700847,11,0.6974359713057096
-4.711659113566081,10,0.707474137501381
-4.803816795349121,8,0.5945055843474996
-3.8867289225260415,6,0.9133397862216457
-4.778075536092122,9,0.4770820942412824
-4.385372479756673,7,0.7142405209840699
-4.658208847045898,9,0.9218654466387907
-4.729009628295898,11,0.8668037376108986
-4.411396344502767,10,0.8378357816770535
-4.611680666605632,9,0.6318872767127983
-4.478288014729817,7,0.7048551336775649
-3.923395792643229,12,1.1182834218998992
-4.584164301554362,11,0.7675474361915864
-4.543627103169759,9,0.8096315479119482
-4.781441688537598,7,0.48043068760194513
-4.82070255279541,9,0.5176332918218232
-4.228952407836914,9,1.0140612660433213
-4.52345593770345,9,0.756826917109215
-4.460471153259277,7,0.848462680513753
-4.705859184265137,7,0.6632117433638584
-4.470866839090983,8,0.7486385040760211
-4.276266415913899,11,0.883829234929085
-4.791634241739909,11,0.8729395766123981
-4.064441998799642,12,1.2959515373473982
-4.7179765701293945,11,0.698910884517601
-4.460768063863118,11,0.8680980551809165
-4.790622075398763,9,0.7470068253946914
-4.697045008341472,9,0.6625390823601217
-4.7625532150268555,11,0.8235021272578881
-4.772283554077148,5,0.48384494541517703
-4.73342768351237,9,0.6399917980853016
-4.700132687886556,8,0.6531635110093523
-4.301270484924316,10,1.003351380173833
-4.705355644226074,10,0.7787350048314902
-4.231023788452148,9,0.8147370073685498
-4.337370872497559,11,1.1480707652324482
-4.103029251098633,4,0.9829578093974729
-4.6362565358479815,8,0.5897836884378292
-3.8968531290690103,6,1.3897327621851205
-4.70858637491862,10,0.5616168409419445
-4.758744875590007,8,0.5634111004334853
-4.250276883443196,10,1.0192508737524215
-4.721810658772786,11,0.7335575980393402
-4.398588180541992,8,1.0404250406271258
-4.369682312011719,9,0.9865760891799283
-4.191779772440593,11,0.8946576171977623
-4.785616238911946,7,0.6116937675009154
-4.751225471496582,11,0.5584009857220936
-4.586140950520833,11,0.9267750228690964
-4.520905176798503,9,0.7014276464363093
-4.081986427307129,6,1.0356578000505505
-4.749481836954753,8,0.531308520253939
-4.370063145955403,10,0.9419199507469718
-4.594332377115886,9,0.7283719391665887
-4.702493667602539,11,0.5778431394648997
-4.525856335957845,5,0.630470906261596
-4.766738255818685,10,0.5731096139647739
-4.6582231521606445,10,0.7504685500433617
-4.716173489888509,9,0.5747900692827608
-4.7900495529174805,8,0.6579489866271672
-4.498525937398274,8,0.7458799934473804
-4.371579170227051,9,0.8946496532658609
-4.736973762512207,8,0.6539937272490501
-4.792694091796875,7,0.6639528777912692
-4.467601140340169,13,1.112321890579956
-4.569837252298991,7,0.6733959466648729
-4.671230951944987,8,0.7109842737485405
-4.70105520884196,9,0.638534462737463
-4.784085591634114,10,0.665979334714729
-4.156783103942871,9,1.0858626811975527
-4.088784535725911,11,0.9804342871177086
-4.767064094543457,11,0.596925682517406
-4.449501355489095,10,0.7211682360750759
-4.164527893066406,8,0.8282506966415872
-4.462621688842773,11,0.69458578425655
-4.697342236836751,9,0.9093496578612411
-4.002013524373372,10,1.1015788816099255
-4.3450501759847,10,0.8846812349296055
-4.591012001037598,11,0.6842091104268339
-3.98137633005778,12,1.4009818536411156
-4.728437105814616,10,0.687987463896443
-4.735352834065755,10,0.6352940820425984
-4.544719060262044,11,1.0624421545227787
-4.497880299886067,9,0.8138242477840375
