"Name","State","N","CUTOFF","ARCH","FM","SEED","test/dft-test-fm/forces_mae","test/dft-test/forces_mae","test/valid/forces_mae","test/dft-test-fm/per_atom_energy_mae"
"MP03b-PaiNN-10000","finished","10000","5.5","PaiNN","MP03b","3","0.02961912751197815","0.037909019738435745","0.05928827449679375","0.00047717944835312665"
"MP03b-PaiNN-10000","finished","10000","5.5","PaiNN","MP03b","1","0.03086053393781185","0.0388387106359005","0.061565447598695755","0.000487703422550112"
"MP03b-PaiNN-10000","finished","10000","3.5","PaiNN","MP03b","3","0.04388447850942612","0.05044309049844742","0.0762261152267456","0.0013001784682273865"
"MP03b-PaiNN-10000","finished","10000","5.5","PaiNN","MP03b","2","0.030009953305125237","0.038417547941207886","0.05853894352912903","0.0007628232124261558"
"MP03b-PaiNN-10000","finished","10000","3.5","PaiNN","MP03b","2","0.044254787266254425","0.05087751895189285","0.07566670328378677","0.0010682180291041732"
"MP03b-PaiNN-10000","finished","10000","3.5","PaiNN","MP03b","1","0.044419243931770325","0.05089638754725456","0.07735060900449753","0.0012056292034685612"
"MP03b-TensorNet-10000","finished","10000","4.5","TensorNet","MP03b","3","0.02940138429403305","0.03722202777862549","0.06157008185982704","0.0005558648845180869"
"MP03b-TensorNet-10000","finished","10000","4.5","TensorNet","MP03b","2","0.029396865516901016","0.03716064617037773","0.06058172881603241","0.0005398635403253138"
"MP03b-PaiNN-10000","finished","10000","3","PaiNN","MP03b","2","0.06521602720022202","0.0704566016793251","0.10394389182329178","0.0025121148210018873"
"MP03b-PaiNN-10000","finished","10000","3","PaiNN","MP03b","3","0.06373409926891327","0.06896605342626572","0.10369842499494553","0.002611815696582198"
"MP03b-PaiNN-10000","finished","10000","3","PaiNN","MP03b","1","0.06415137648582458","0.06948556005954742","0.10434545576572418","0.0032889151480048895"
"MP03b-PaiNN-10000","finished","10000","4","PaiNN","MP03b","2","0.03559684753417969","0.04304246604442597","0.06546463817358017","0.00075485062552616"
"MP03b-PaiNN-10000","finished","10000","4","PaiNN","MP03b","3","0.03464856371283531","0.04212762415409088","0.06507913023233414","0.0007295834366232157"
"MP03b-PaiNN-10000","finished","10000","4","PaiNN","MP03b","1","0.03521832078695297","0.04276162013411522","0.06609580665826797","0.000681428995449096"
"MP03b-PaiNN-L-3333","finished","3333","4.5","PaiNN-L","MP03b","2","0.030422557145357132","0.039170634001493454","0.05835959315299988","0.0005306020029820502"
"MP03b-PaiNN-L-3333","finished","3333","4.5","PaiNN-L","MP03b","3","0.03321767598390579","0.041367802768945694","0.061239033937454224","0.0005942696589045227"
"MP03b-PaiNN-L-1000","finished","1000","4.5","PaiNN-L","MP03b","3","0.04491439089179039","0.0507875420153141","0.08592692762613297","0.0035467748530209064"
"MP03b-PaiNN-L-333","finished","333","4.5","PaiNN-L","MP03b","3","0.047821611166000366","0.05299130454659462","0.08132758736610413","0.0011770607670769095"
"MP03b-PaiNN-L-100","finished","100","4.5","PaiNN-L","MP03b","3","0.06292752921581268","0.06711632013320923","0.10801374912261964","0.0016151615418493748"
"MP03b-PaiNN-L-1000","finished","1000","4.5","PaiNN-L","MP03b","2","0.03778492659330368","0.044618017971515656","0.07686752825975418","0.0007221581181511283"
"MP03b-PaiNN-L-333","finished","333","4.5","PaiNN-L","MP03b","2","0.047734104096889496","0.05330832302570343","0.07591579854488373","0.0012977502774447205"
"MP03b-PaiNN-L-100","finished","100","4.5","PaiNN-L","MP03b","2","0.07115489989519119","0.07520703971385956","0.12202569842338562","0.004466560669243336"
"MP03b-TensorNet-3333","crashed","3333","4.5","TensorNet","MP03b","3","","","",""
"MP03b-PaiNN-L-3333","finished","3333","4.5","PaiNN-L","MP03b","1","0.030026836320757862","0.03883866220712662","0.05762198939919472","0.0005721954512409866"
"MP03b-PaiNN-L-1000","finished","1000","4.5","PaiNN-L","MP03b","1","0.04082733020186424","0.04735041409730911","0.07892367988824844","0.0009903233731165528"
"MP03b-PaiNN-3333","finished","3333","4","PaiNN","MP03b","2","0.036558691412210464","0.04360172152519226","0.06573966145515442","0.0007779590669088066"
"MP03b-PaiNN-L-333","finished","333","4.5","PaiNN-L","MP03b","1","0.04620356857776642","0.05176331475377083","0.08243817090988159","0.0011510736076161263"
"MP03b-PaiNN-3333","finished","3333","4","PaiNN","MP03b","3","0.036545902490615845","0.04332805052399635","0.06610963493585587","0.0007020046468824148"
"MP03b-PaiNN-3333","finished","3333","4","PaiNN","MP03b","1","0.036959584802389145","0.04387765005230904","0.06532958894968033","0.0008092435891740024"
"MP03b-PaiNN-L-100","finished","100","4.5","PaiNN-L","MP03b","1","0.07129333168268204","0.07503554224967957","0.1287676841020584","0.005985022056847811"
"MP03b-TensorNet-3333","finished","3333","4.5","TensorNet","MP03b","1","0.030554333701729774","0.03820382058620453","0.05986040458083153","0.0006407352047972381"
"MP03b-PaiNN-1000","finished","1000","4","PaiNN","MP03b","3","0.04588538408279419","0.05157627537846565","0.0873151496052742","0.0010168685112148523"
"MP03b-PaiNN-1000","finished","1000","4","PaiNN","MP03b","2","0.04519875720143318","0.05084393173456192","0.08375809341669083","0.000987836392596364"
"MP03b-PaiNN-3333","finished","3333","3","PaiNN","MP03b","2","0.06533458828926086","0.07036439329385757","0.10306797921657562","0.002610662952065468"
"MP03b-PaiNN-1000","finished","1000","4","PaiNN","MP03b","1","0.050256870687007904","0.055623047053813934","0.09037882089614868","0.0011815143516287208"
"MP03b-TensorNet-3333","finished","3333","4.5","TensorNet","MP03b","2","0.030032794922590256","0.0376209020614624","0.05956382304430008","0.000575228244997561"
"MP03b-PaiNN-3333","finished","3333","3","PaiNN","MP03b","3","0.06472678482532501","0.06975913792848587","0.10237060487270357","0.002497780369594693"
"MP03b-PaiNN-333","finished","333","4","PaiNN","MP03b","2","0.05315043404698372","0.05816171690821648","0.08084512501955032","0.0014168259222060442"
"MP03b-PaiNN-333","finished","333","4","PaiNN","MP03b","3","0.05473363399505615","0.05963762104511261","0.08623181283473969","0.0013859145110473037"
"MP03b-TensorNet-1000","finished","1000","4.5","TensorNet","MP03b","3","0.034286979585886","0.04118288680911064","0.07430589944124222","0.000630282040219754"
"MP03b-PaiNN-100","finished","100","4","PaiNN","MP03b","2","0.07850427180528641","0.08223830163478851","0.12590740621089935","0.0038975649513304234"
"MP03b-PaiNN-100","finished","100","4","PaiNN","MP03b","3","0.07400732487440109","0.07791653275489807","0.1210586428642273","0.0022769763600081205"
"MP03b-PaiNN-333","finished","333","4","PaiNN","MP03b","1","0.054370492696762085","0.05934591591358185","0.0911262035369873","0.0015056068077683449"
"MP03b-PaiNN-1000","finished","1000","3","PaiNN","MP03b","2","0.07376395165920258","0.07823684066534042","0.12140317261219025","0.0030797480139881372"
"MP03b-PaiNN-1000","finished","1000","3","PaiNN","MP03b","3","0.07346498966217041","0.0779166892170906","0.12161613255739212","0.003824840998277068"
"MP03b-PaiNN-100","finished","100","4","PaiNN","MP03b","1","0.07924891263246536","0.08261678367853165","0.13621467351913452","0.003892265260219574"
"MP03b-PaiNN-333","finished","333","3","PaiNN","MP03b","2","0.08469090610742569","0.08858486264944077","0.11895306408405304","0.0035996101796627045"
"MP03b-PaiNN-333","finished","333","3","PaiNN","MP03b","3","0.08500920236110687","0.08895175158977509","0.122629314661026","0.0035410013515502214"
"MP03b-PaiNN-100","finished","100","3","PaiNN","MP03b","2","0.10425568372011185","0.10759343951940536","0.15446726977825165","0.005913614295423031"
"MP03b-PaiNN-100","finished","100","3","PaiNN","MP03b","3","0.10212269425392152","0.10569539666175842","0.14956846833229065","0.004406550899147987"
"MP03b-TensorNet-333","finished","333","4.5","TensorNet","MP03b","3","0.03764716535806656","0.044025227427482605","0.06562862545251846","0.0008827692945487797"
"MP03b-PaiNN-3333","finished","3333","3","PaiNN","MP03b","1","0.06483310461044312","0.06989878416061401","0.10209710150957108","0.0024673822335898876"
"MP03b-TensorNet-1000","finished","1000","4.5","TensorNet","MP03b","1","0.03485870733857155","0.04164239764213562","0.07335539907217026","0.0009527368238195776"
"MP03b-TensorNet-1000","finished","1000","4.5","TensorNet","MP03b","2","0.03530855476856232","0.0421149842441082","0.07347395271062851","0.0021106810308992863"
"MP03b-PaiNN-1000","finished","1000","3","PaiNN","MP03b","1","0.08368241786956787","0.0874495729804039","0.13179083168506622","0.0034103391226381063"
"MP03b-PaiNN-333","finished","333","3","PaiNN","MP03b","1","0.08598605543375015","0.08985400199890137","0.12752756476402283","0.004113301169127226"
"MP03b-PaiNN-100","finished","100","3","PaiNN","MP03b","1","0.1005883887410164","0.10361456125974657","0.1595340520143509","0.007273625582456589"
"MP03b-TensorNet-100","finished","100","4.5","TensorNet","MP03b","3","0.04635513573884964","0.05191989988088608","0.08441396802663803","0.0014517244417220354"
"MP03b-TensorNet-333","finished","333","4.5","TensorNet","MP03b","1","0.03978598490357399","0.0460108183324337","0.07284992188215256","0.0007342755561694503"
"MP03b-TensorNet-333","finished","333","4.5","TensorNet","MP03b","2","0.039703719317913055","0.04582011327147484","0.06603062152862549","0.0007572250324301422"
"MP03b-TensorNet-100","finished","100","4.5","TensorNet","MP03b","2","0.049516260623931885","0.05460190400481224","0.09178666025400162","0.0018671060679480431"
"MP03b-TensorNet-100","finished","100","4.5","TensorNet","MP03b","1","0.04636985063552856","0.05146932974457741","0.09269658476114272","0.001168931950815022"
"MP03b-PaiNN-10000","finished","10000","2.5","PaiNN","MP03b","3","0.098648302257061","0.10261643677949904","0.15694279968738556","0.0045635816641151905"
"MP03b-PaiNN-10000","finished","10000","2.5","PaiNN","MP03b","2","0.09976288676261902","0.10368653386831284","0.15683239698410034","0.005286167375743389"
"MP03b-PaiNN-10000","finished","10000","2.5","PaiNN","MP03b","1","0.09864841401576996","0.10263430327177048","0.16003409028053284","0.0049987537786364555"
"MP03b-TensorNet-10000","crashed","10000","4.5","TensorNet","MP03b","3","","","",""
"MP03b-PaiNN-33330","finished","33330","4.5","PaiNN","MP03b","1","0.03210953250527382","0.039918553084135056","0.06292624026536942","0.0005779522471129894"
"MP03b-TensorNet-10000","finished","10000","4.5","TensorNet","MP03b","3","","","",""
"MP03b-TensorNet-10000","finished","10000","4.5","TensorNet","MP03b","2","","","",""
"MP03b-PaiNN-XL-3333","finished","3333","4.5","PaiNN-XL","MP03b","3","0.13576947152614594","0.13842596113681793","0.18463937938213348","0.033720292150974274"
"MP03b-TensorNet-10000","finished","10000","4.5","TensorNet","MP03b","1","0.03239934518933296","0.039458662271499634","0.06684482097625732","0.0006799343973398209"
"MP03b-TensorNet-10000","crashed","10000","4.5","TensorNet","MP03b","2","","","",""
"MP03b-PaiNN-XL-3333","finished","3333","4.5","PaiNN-XL","MP03b","2","0.03088445216417313","0.039743572473526","0.059235092252492905","0.0005377191700972617"
"MP03b-PaiNN-XL-1000","finished","1000","4.5","PaiNN-XL","MP03b","3","0.04005242884159088","0.04653497785329819","0.08120027184486389","0.0010125404223799706"
"MP03b-PaiNN-XL-3333","finished","3333","4.5","PaiNN-XL","MP03b","1","0.02997761219739914","0.03913816809654236","0.05785335600376129","0.0011770696146413684"
"MP03b-PaiNN-S-3333","finished","3333","4.5","PaiNN-S","MP03b","2","0.0404265969991684","0.04629027098417282","0.07210864126682281","0.0007496224716305733"
"MP03b-TensorNet-10000","crashed","10000","4.5","TensorNet","MP03b","1","","","",""
"MP03b-PaiNN-S-3333","finished","3333","4.5","PaiNN-S","MP03b","3","0.041106246411800385","0.046854034066200256","0.0738082081079483","0.0007615562062710524"
"MP03b-PaiNN-S-3333","finished","3333","4.5","PaiNN-S","MP03b","1","0.04107788950204849","0.04701800271868706","0.0722806304693222","0.0007630166364833713"
"MP03b-PaiNN-L-3333","finished","3333","4.5","PaiNN-L","MP03b","3","0.029655514284968376","0.038754455745220184","0.05821821466088295","0.0005279661272652447"
"MP03b-PaiNN-XL-1000","finished","1000","4.5","PaiNN-XL","MP03b","2","0.03816301375627518","0.04506203904747963","0.07810402661561966","0.0018869724590331316"
"MP03b-PaiNN-L-3333","finished","3333","4.5","PaiNN-L","MP03b","2","0.03046314977109432","0.03908786177635193","0.05852825939655304","0.0005058086244389415"
"MP03b-PaiNN-XL-1000","finished","1000","4.5","PaiNN-XL","MP03b","1","0.03991514816880226","0.04658998548984528","0.08005368709564209","0.004369438160210848"
"MP03b-PaiNN-L-3333","finished","3333","4.5","PaiNN-L","MP03b","1","0.02995702065527439","0.03884781152009964","0.05741653591394424","0.0005397534114308655"
"MP03b-PaiNN-S-1000","finished","1000","4.5","PaiNN-S","MP03b","3","0.0480891615152359","0.0532691515982151","0.09140262007713318","0.0008984307642094791"
"MP03b-PaiNN-S-1000","finished","1000","4.5","PaiNN-S","MP03b","2","0.04614511504769325","0.051157958805561066","0.08690304309129715","0.000878000573720783"
"MP03b-PaiNN-L-1000","finished","1000","4.5","PaiNN-L","MP03b","3","0.039901815354824066","0.0464562214910984","0.0809132531285286","0.0011446428252384069"
"MP03b-PaiNN-XL-333","finished","333","4.5","PaiNN-XL","MP03b","3","0.04790569469332695","0.053372934460639954","0.08199364691972733","0.0010904588270932436"
"MP03b-PaiNN-S-1000","finished","1000","4.5","PaiNN-S","MP03b","1","0.047054026275873184","0.05213453248143196","0.08742326498031616","0.000953668204601854"
"MP03b-PaiNN-L-1000","finished","1000","4.5","PaiNN-L","MP03b","2","0.03929230198264122","0.045736320316791534","0.07720940560102463","0.0012778507079929111"
"MP03b-PaiNN-L-1000","finished","1000","4.5","PaiNN-L","MP03b","1","0.04132402315735817","0.047790028154850006","0.08066893368959427","0.0022628153674304485"
"MP03b-PaiNN-XL-333","finished","333","4.5","PaiNN-XL","MP03b","1","0.04925049468874931","0.05469595268368721","0.08613137155771255","0.0030835154466331005"
"MP03b-PaiNN-XL-333","finished","333","4.5","PaiNN-XL","MP03b","2","0.04718128964304924","0.05273314565420151","0.0770731195807457","0.0016844188794493675"
"MP03b-PaiNN-L-333","finished","333","4.5","PaiNN-L","MP03b","3","0.04859675467014313","0.05390769988298416","0.080612413585186","0.0016015184810385108"
"MP03b-PaiNN-S-333","finished","333","4.5","PaiNN-S","MP03b","3","0.055653005838394165","0.06000567227602005","0.08715929836034775","0.0011923967394977808"
"MP03b-PaiNN-S-333","finished","333","4.5","PaiNN-S","MP03b","2","0.055245984345674515","0.05965562537312507","0.08225830644369125","0.0011769256088882685"
"MP03b-PaiNN-L-333","finished","333","4.5","PaiNN-L","MP03b","2","0.04802270233631134","0.05329110100865364","0.07654627412557602","0.0010677088284865022"
"MP03b-PaiNN-L-333","finished","333","4.5","PaiNN-L","MP03b","1","0.04807382449507713","0.053135644644498825","0.08421069383621216","0.001851842156611383"
"MP03b-PaiNN-S-333","finished","333","4.5","PaiNN-S","MP03b","1","0.05559598281979561","0.05985703691840172","0.09132932871580124","0.001191504648886621"
"MP03b-PaiNN-L-100","finished","100","4.5","PaiNN-L","MP03b","2","0.0684492215514183","0.07248366624116898","0.11775606125593184","0.002593603916466236"
"MP03b-PaiNN-XL-100","finished","100","4.5","PaiNN-XL","MP03b","3","0.0626755952835083","0.06703247874975204","0.10891196876764296","0.0017099480610340834"
"MP03b-PaiNN-S-100","finished","100","4.5","PaiNN-S","MP03b","3","0.07626204937696457","0.08007863909006119","0.12085838615894318","0.0030460976995527744"
"MP03b-PaiNN-L-100","finished","100","4.5","PaiNN-L","MP03b","3","0.06575434654951096","0.06996750086545944","0.11287003755569458","0.0025329384952783585"
"MP03b-PaiNN-L-100","finished","100","4.5","PaiNN-L","MP03b","1","0.07382281869649887","0.07747887074947357","0.1306856870651245","0.004979015327990055"
"MP03b-PaiNN-S-100","finished","100","4.5","PaiNN-S","MP03b","2","0.07556314021348953","0.07911521196365356","0.1209583654999733","0.004086839500814676"
"MP03b-PaiNN-XL-100","finished","100","4.5","PaiNN-XL","MP03b","2","0.06342194974422455","0.0677245706319809","0.11160489171743392","0.0030293604359030724"
"MP03b-PaiNN-XL-100","finished","100","4.5","PaiNN-XL","MP03b","1","0.06555508822202682","0.06972603499889374","0.12666180729866028","0.0034295590594410896"
"MP03b-PaiNN-S-100","finished","100","4.5","PaiNN-S","MP03b","1","0.08015913516283035","0.08365651220083237","0.13987554609775543","0.005216400604695082"
"MP03b-n1-PaiNN-10000","finished","10000","4.5","PaiNN","MP03b-n1","3","0.025518130511045456","0.09015921503305437","0.045504163950681686","0.0005155192338861525"
"MP03b-n1-PaiNN-10000","finished","10000","4.5","PaiNN","MP03b-n1","2","0.026278670877218246","0.0909886360168457","0.045520927757024765","0.0005011821049265563"
"MP03b-n5-PaiNN-10000","finished","10000","4.5","PaiNN","MP03b-n5","1","0.02978394739329815","0.05534375086426735","0.05444832518696785","0.0005935902590863407"
"MP03b-n5-PaiNN-10000","finished","10000","4.5","PaiNN","MP03b-n5","2","0.030414391309022903","0.05522403120994568","0.05488210171461105","0.000510614481754601"
"MP03b-n5-PaiNN-10000","finished","10000","4.5","PaiNN","MP03b-n5","3","0.02968958392739296","0.0548735186457634","0.05451759696006775","0.0005102560389786959"
"MP03b-n1-PaiNN-10000","finished","10000","4.5","PaiNN","MP03b-n1","1","0.02606946788728237","0.09094224870204926","0.04589574784040451","0.0005286162486299872"
"MP03b-PaiNN-3333","finished","3333","5.5","PaiNN","MP03b","1","0.03133160248398781","0.03925163671374321","0.05859934911131859","0.0005610188818536699"
"MP03b-PaiNN-1000","finished","1000","5.5","PaiNN","MP03b","1","0.03962908312678337","0.0456269308924675","0.07655595988035202","0.0007304641767404974"
"MP03b-n1-PaiNN-3333","crashed","3333","4.5","PaiNN","MP03b-n1","3","","","",""
"MP03b-n5-PaiNN-3333","finished","3333","4.5","PaiNN","MP03b-n5","3","0.03194519132375717","0.05614113062620163","0.05588294193148613","0.0005973363295197487"
"MP03b-PaiNN-333","finished","333","5.5","PaiNN","MP03b","1","0.0460558645427227","0.05107429623603821","0.08097562938928604","0.0011139733251184225"
"MP03b-PaiNN-100","finished","100","5.5","PaiNN","MP03b","1","0.06811463087797165","0.07148749381303787","0.12522269785404205","0.003672586986795068"
"MP03b-n1-PaiNN-3333","finished","3333","4.5","PaiNN","MP03b-n1","2","0.02688441425561905","0.09149881452322006","0.04556694999337197","0.0005476162186823785"
"MP03b-n5-PaiNN-3333","finished","3333","4.5","PaiNN","MP03b-n5","2","0.03206333518028259","0.05630313605070114","0.055383846163749695","0.0005610777880065143"
"MP03b-n1-PaiNN-1000","finished","1000","4.5","PaiNN","MP03b-n1","3","0.032882511615753174","0.09381692111492156","0.059235040098428726","0.0007632909109815955"
"MP03b-n5-PaiNN-1000","finished","1000","4.5","PaiNN","MP03b-n5","3","0.03783527389168739","0.0591488853096962","0.07062365859746933","0.0006763695855624974"
"MP03b-n5-PaiNN-3333","finished","3333","4.5","PaiNN","MP03b-n5","1","0.032275453209877014","0.05590377002954483","0.05555726960301399","0.0006061844760552049"
"MP03b-n5-PaiNN-1000","finished","1000","4.5","PaiNN","MP03b-n5","2","0.03753028437495232","0.05916237086057663","0.0681801438331604","0.0006676580524072051"
"MP03b-n1-PaiNN-1000","finished","1000","4.5","PaiNN","MP03b-n1","2","0.0322505384683609","0.09362098574638368","0.05747838318347931","0.0006235821638256311"
"MP03b-n5-PaiNN-333","finished","333","4.5","PaiNN","MP03b-n5","3","0.045226164162158966","0.06479018181562424","0.0700816810131073","0.0008326748502440751"
"MP03b-PaiNN-3333","finished","3333","3.5","PaiNN","MP03b","1","0.04506603628396988","0.051353175193071365","0.0749647319316864","0.0012310647871345282"
"MP03b-n5-PaiNN-1000","finished","1000","4.5","PaiNN","MP03b-n5","1","0.03833482414484024","0.05931559577584267","0.06935521215200424","0.0008447049767710268"
"MP03b-n5-PaiNN-100","finished","100","4.5","PaiNN","MP03b-n5","3","0.06464055180549622","0.07926113903522491","0.10297207534313202","0.0020246217027306557"
"MP03b-n5-PaiNN-333","finished","333","4.5","PaiNN","MP03b-n5","2","0.045627109706401825","0.06460303068161011","0.06976313889026642","0.0009594512521289288"
"MP03b-n5-PaiNN-100","finished","100","4.5","PaiNN","MP03b-n5","2","0.0641574114561081","0.0786774605512619","0.10514456778764723","0.0014244880294427276"
"MP03b-PaiNN-1000","finished","1000","3.5","PaiNN","MP03b","1","0.05864906311035156","0.06363493949174881","0.09920275211334229","0.0021668991539627314"
"MP03b-n5-PaiNN-333","finished","333","4.5","PaiNN","MP03b-n5","1","0.04819590970873833","0.06590157002210617","0.07708315551280975","0.001271685934625566"
"MP03b-n1-PaiNN-333","finished","333","4.5","PaiNN","MP03b-n1","3","0.040260255336761475","0.09738397598266602","0.06029091775417328","0.0009290874586440624"
"MP03b-PaiNN-333","finished","333","3.5","PaiNN","MP03b","1","0.06471738964319229","0.06916279345750809","0.10246463865041731","0.002601131098344922"
"MP03b-n1-PaiNN-333","finished","333","4.5","PaiNN","MP03b-n1","2","0.03916551545262337","0.09742078185081482","0.05759785696864128","0.0008663582266308367"
"MP03b-n5-PaiNN-100","finished","100","4.5","PaiNN","MP03b-n5","1","0.05910712480545044","0.07587605714797974","0.10655348002910614","0.0013246466405689716"
"MP03b-PaiNN-100","finished","100","3.5","PaiNN","MP03b","1","0.08322536200284958","0.08671930432319641","0.13805466890335083","0.005597162991762161"
"MP03b-n1-PaiNN-100","finished","100","4.5","PaiNN","MP03b-n1","3","0.05117897316813469","0.10377940535545348","0.08208486437797546","0.0015822960995137691"
"MP03b-n1-PaiNN-100","finished","100","4.5","PaiNN","MP03b-n1","2","0.05171089991927147","0.10573486238718031","0.08454567193984985","0.001306859077885747"
"MP03b-n1-PaiNN-3333","finished","3333","4.5","PaiNN","MP03b-n1","1","0.027736805379390717","0.09209683537483215","0.04638519138097763","0.0005619301809929311"
"MP03b-n1-PaiNN-1000","finished","1000","4.5","PaiNN","MP03b-n1","1","0.033216409385204315","0.0943070501089096","0.05860328674316406","0.000890193332452327"
"MP03b-n1-PaiNN-333","finished","333","4.5","PaiNN","MP03b-n1","1","0.03952734172344208","0.0974886193871498","0.06260943412780762","0.0008431426831521094"
"MP03b-n1-PaiNN-100","finished","100","4.5","PaiNN","MP03b-n1","1","0.05516081675887108","0.10778368264436722","0.09781840443611144","0.0017526374431326983"
"MP03b-PaiNN-3333","finished","3333","5.5","PaiNN","MP03b","1","","","",""
"MP03b-PaiNN-1000","finished","1000","5.5","PaiNN","MP03b","1","0.04023720324039459","0.04620245099067688","0.07846564054489136","0.0008025846909731627"
"MP03b-PaiNN-333","finished","333","5.5","PaiNN","MP03b","1","0.047119781374931335","0.052012521773576736","0.08254506438970566","0.0009928137296810746"
"MP03b-SchNet-10000","finished","10000","4.5","SchNet","MP03b","3","0.08334282040596008","0.08701105415821075","0.1332979053258896","0.00216796062886715"
"MP03b-PaiNN-100","finished","100","5.5","PaiNN","MP03b","1","0.06746987253427505","0.07115477323532104","0.1255021095275879","0.002522918162867427"
"MP03b-PaiNN-3333","finished","3333","3.5","PaiNN","MP03b","1","0.04490822181105614","0.05113793909549713","0.07499613612890244","0.001081387046724558"
"MP03b-PaiNN-1000","finished","1000","3.5","PaiNN","MP03b","1","0.06076432019472122","0.06561312079429626","0.10086419433355331","0.003409664612263441"
"MP03b-PaiNN-333","finished","333","3.5","PaiNN","MP03b","1","0.06336405128240585","0.06794953346252441","0.10099273920059204","0.0022241217084228992"
"MP03b-PaiNN-100","finished","100","3.5","PaiNN","MP03b","1","0.0857183188199997","0.0891890898346901","0.14467474818229675","0.00407197093591094"
"MP03b-SchNet-10000","finished","10000","4.5","SchNet","MP03b","2","0.08376503735780716","0.08750538527965546","0.13054916262626648","0.0021710151340812445"
"MP03b-SchNet-10000","finished","10000","4.5","SchNet","MP03b","1","0.08348549902439117","0.08723188936710358","0.1324712187051773","0.0022226828150451183"
"MP03b-PaiNN-10000","finished","10000","4.5","PaiNN","MP03b","3","0.03160303458571434","0.039390865713357925","0.06185849756002426","0.000540406268555671"
"MP03b-PaiNN-3333","finished","3333","2.5","PaiNN","MP03b","1","0.10096868872642516","0.10469020158052444","0.15731944143772125","0.007319621741771698"
"MP03b-PaiNN-1000","finished","1000","2.5","PaiNN","MP03b","1","0.11700168997049332","0.12035223096609116","0.18334969878196716","0.012505773454904556"
"MP03b-PaiNN-10000","finished","10000","4.5","PaiNN","MP03b","2","0.03078162483870983","0.03881777450442314","0.0597834512591362","0.0005089621990919113"
"MP03b-PaiNN-10000","crashed","10000","4.5","PaiNN","MP03b","1","","","",""
"MP03b-PaiNN-333","finished","333","2.5","PaiNN","MP03b","1","0.12049927562475204","0.12361981719732285","0.1781785786151886","0.013268130831420422"
"MP03b-PaiNN-100","finished","100","2.5","PaiNN","MP03b","1","0.13863413035869598","0.14145903289318085","0.20992286503314972","0.023124467581510544"
"MP03b-SchNet-3333","finished","3333","4.5","SchNet","MP03b","3","0.08669508993625641","0.09014882892370224","0.13401593267917633","0.0022923359647393227"
"MP03b-SchNet-3333","finished","3333","4.5","SchNet","MP03b","2","0.08666881173849106","0.09017088264226912","0.13320110738277435","0.0022677581291645765"
"MP03b-SchNet-1000","finished","1000","4.5","SchNet","MP03b","3","0.09212156385183334","0.09547293186187744","0.1580740064382553","0.002497597597539425"
"MP03b-SchNet-1000","finished","1000","4.5","SchNet","MP03b","2","0.09190285950899124","0.09516729414463045","0.1548498570919037","0.0023324189241975546"
"MP03b-SchNet-333","finished","333","4.5","SchNet","MP03b","3","0.09976022690534592","0.1027035042643547","0.1507224440574646","0.002895405283197761"
"MP03b-SchNet-333","finished","333","4.5","SchNet","MP03b","2","0.09920411556959152","0.10226882994174956","0.14497296512126925","0.003013343084603548"
"MP03b-SchNet-100","finished","100","4.5","SchNet","MP03b","2","0.117941752076149","0.12082086503505708","0.1880958378314972","0.006246483884751797"
"MP03b-SchNet-100","finished","100","4.5","SchNet","MP03b","3","0.11838655173778534","0.12126743793487547","0.18120376765727997","0.004816714208573103"
"MP03b-SchNet-3333","finished","3333","4.5","SchNet","MP03b","1","0.08653765916824341","0.09002351015806198","0.13276486098766327","0.0021969929803162813"
"MP03b-PaiNN-3333","finished","3333","4.5","PaiNN","MP03b","2","0.03305917605757713","0.04045788943767547","0.06143312156200409","0.00056987046264112"
"MP03b-PaiNN-3333","finished","3333","4.5","PaiNN","MP03b","3","0.033465925604104996","0.04085853695869446","0.062431104481220245","0.000679344404488802"
"MP03b-PaiNN-1000","finished","1000","4.5","PaiNN","MP03b","3","0.042014699429273605","0.04804178327322006","0.0817723497748375","0.003050604835152626"
"MP03b-SchNet-1000","finished","1000","4.5","SchNet","MP03b","1","0.09236333519220352","0.09552083909511566","0.15338633954524994","0.0023611215874552727"
"MP03b-SchNet-333","finished","333","4.5","SchNet","MP03b","1","0.10218530148267746","0.10512764006853104","0.1577613800764084","0.0031175275798887014"
"MP03b-PaiNN-333","finished","333","4.5","PaiNN","MP03b","3","0.0493268221616745","0.05446428433060646","0.08072102069854736","0.0011536396341398358"
"MP03b-SchNet-100","finished","100","4.5","SchNet","MP03b","1","0.11292508244514464","0.11548599600791933","0.1918047070503235","0.004144060891121626"
"MP03b-PaiNN-100","finished","100","4.5","PaiNN","MP03b","3","0.06719154864549637","0.07111174613237381","0.11206427216529846","0.0027261662762612104"
"MP03b-PaiNN-1000","finished","1000","4.5","PaiNN","MP03b","2","0.03961494192481041","0.04569260403513909","0.07726515084505081","0.0007253873627632856"
"MP03b-PaiNN-333","finished","333","4.5","PaiNN","MP03b","2","0.04923037067055702","0.05429033562541008","0.07778207957744598","0.0010343949543312192"
"MP03b-PaiNN-100","finished","100","4.5","PaiNN","MP03b","2","0.0714530423283577","0.0752175822854042","0.12104769051074982","0.0026657015550881624"
"MP03b-PaiNN-3333","finished","3333","4.5","PaiNN","MP03b","1","0.0336894690990448","0.04085298255085945","0.06151749566197395","0.0006334658246487379"
"MP03b-PaiNN-1000","finished","1000","4.5","PaiNN","MP03b","1","0.04164613038301468","0.04755239561200142","0.0792362242937088","0.0009045497281476856"
"MP03b-TensorNet-3333","finished","3333","4.5","TensorNet","MP03b","1","0.03237869217991829","0.03926064074039459","0.06228221580386162","0.0007655152003280818"
"MP03b-PaiNN-333","finished","333","4.5","PaiNN","MP03b","1","0.047332726418972015","0.05261076241731644","0.08269743621349335","0.0009571631671860814"
"MP03b-PaiNN-100","finished","100","4.5","PaiNN","MP03b","1","0.06769201904535294","0.07126671820878983","0.125804141163826","0.003734657075256109"
"MP03b-TensorNet-1000","finished","1000","4.5","TensorNet","MP03b","1","0.03521602973341942","0.04193900153040886","0.07402504235506058","0.0013603687984868884"
"MP03b-TensorNet-333","finished","333","4.5","TensorNet","MP03b","1","0.03835025802254677","0.04459637403488159","0.07178184390068054","0.0007605936843901873"
"MP03b-TensorNet-100","finished","100","4.5","TensorNet","MP03b","1","0.050163742154836655","0.05540552735328674","0.10275521129369736","0.001856976537965238"